{
  "bussStop1": [
    [35.90391729968252, 56.88344870982533],
    [35.90349241107384, 56.88362076266239],
    [35.90335244776628, 56.88380373861986],
    [35.90342242942009, 56.883934825322484],
    [35.903002539501045, 56.884128723559854],
    [35.90282258667784, 56.8841860735499],
    [35.90148064972212, 56.88438759686551],
    [35.90165289332799, 56.884718604970544]
  ],
  "bussStop2": [
    [35.90390424146099, 56.88344874442788],
    [35.903495090742354, 56.88361741288432],
    [35.90335746731833, 56.883800305531196],
    [35.90317892882254, 56.88391613707802],
    [35.90241270111352, 56.884141702744046],
    [35.901449337146744, 56.88428598277176],
    [35.90120756626774, 56.88381453047742]
  ]
}
